{"0 h ":{"Correlation":0.1589404404,"p":0.5565671862},"0 h 10 min":{"Correlation":0.2178072702,"p":0.4177357681},"0 h 20 min":{"Correlation":0.4205882353,"p":0.1047675139},"0 h 30 min":{"Correlation":0.1764705882,"p":0.5132505967},"0 h 40 min":{"Correlation":0.1,"p":0.7125163701},"0 h 50 min":{"Correlation":0.5117647059,"p":0.0427234482},"1 h ":{"Correlation":0.0882352941,"p":0.7452220944},"1 h 10 min":{"Correlation":0.3676470588,"p":0.1612323577},"1 h 20 min":{"Correlation":0.1911764706,"p":0.4781640128},"1 h 30 min":{"Correlation":0.1648271234,"p":0.5418467058},"1 h 40 min":{"Correlation":0.1676470588,"p":0.5348568246},"1 h 50 min":{"Correlation":0.247240685,"p":0.3559096492},"2 h ":{"Correlation":0.3647058824,"p":0.1648683972},"2 h 10 min":{"Correlation":0.4235294118,"p":0.1021093221},"2 h 20 min":{"Correlation":0.3558823529,"p":0.1761037381},"2 h 30 min":{"Correlation":0.3264705882,"p":0.2171594906},"2 h 40 min":{"Correlation":0.3090508563,"p":0.2441335014},"2 h 50 min":{"Correlation":0.3090508563,"p":0.2441335014},"3 h ":{"Correlation":0.3323529412,"p":0.208499828},"3 h 10 min":{"Correlation":0.2882352941,"p":0.2789844597},"3 h 20 min":{"Correlation":0.3058823529,"p":0.2492542989},"3 h 30 min":{"Correlation":0.2882352941,"p":0.2789844597},"3 h 40 min":{"Correlation":0.3235294118,"p":0.221574125},"3 h 50 min":{"Correlation":0.2735294118,"p":0.3053231563},"4 h ":{"Correlation":0.2911764706,"p":0.2738870484},"4 h 10 min":{"Correlation":0.3,"p":0.2589364526},"4 h 20 min":{"Correlation":0.2411764706,"p":0.368206608},"4 h 30 min":{"Correlation":0.2794117647,"p":0.2946176536},"4 h 40 min":{"Correlation":0.2764705882,"p":0.2999421285},"4 h 50 min":{"Correlation":0.2647058824,"p":0.3218043959},"5 h ":{"Correlation":0.2617647059,"p":0.3274104118},"5 h 10 min":{"Correlation":0.2411764706,"p":0.368206608},"5 h 20 min":{"Correlation":0.2382352941,"p":0.3742541297},"5 h 30 min":{"Correlation":0.2205882353,"p":0.4116664305},"5 h 40 min":{"Correlation":0.2323529412,"p":0.3865113499},"5 h 50 min":{"Correlation":0.2205882353,"p":0.4116664305},"6 h ":{"Correlation":0.2176470588,"p":0.4180868416},"6 h 10 min":{"Correlation":0.2529411765,"p":0.3445630313},"6 h 20 min":{"Correlation":0.2647058824,"p":0.3218043959},"6 h 30 min":{"Correlation":0.2882352941,"p":0.2789844597},"6 h 40 min":{"Correlation":0.3088235294,"p":0.2444986958},"6 h 50 min":{"Correlation":0.2882352941,"p":0.2789844597},"7 h ":{"Correlation":0.3029411765,"p":0.2540668806},"7 h 10 min":{"Correlation":0.3205882353,"p":0.2260454222},"7 h 20 min":{"Correlation":0.3029411765,"p":0.2540668806},"7 h 30 min":{"Correlation":0.3088235294,"p":0.2444986958},"7 h 40 min":{"Correlation":0.3088235294,"p":0.2444986958},"7 h 50 min":{"Correlation":0.3088235294,"p":0.2444986958},"8 h ":{"Correlation":0.3088235294,"p":0.2444986958}}