{"0 h ":{"Correlation":-0.7352941176,"p":0.0011716155},"0 h 10 min":{"Correlation":-0.8235294118,"p":0.0000883914},"0 h 20 min":{"Correlation":-0.4235294118,"p":0.1021093221},"0 h 30 min":{"Correlation":-0.2088235294,"p":0.4376585109},"0 h 40 min":{"Correlation":-0.3852941176,"p":0.1405441774},"0 h 50 min":{"Correlation":-0.5941176471,"p":0.0152324009},"1 h ":{"Correlation":-0.6470588235,"p":0.006742077},"1 h 10 min":{"Correlation":-0.4558823529,"p":0.0759454912},"1 h 20 min":{"Correlation":-0.0823529412,"p":0.7617330788},"1 h 30 min":{"Correlation":-0.2852941176,"p":0.2841387402},"1 h 40 min":{"Correlation":-0.2764705882,"p":0.2999421285},"1 h 50 min":{"Correlation":-0.0235294118,"p":0.9310735837},"2 h ":{"Correlation":0.0794117647,"p":0.770025319},"2 h 10 min":{"Correlation":0.3441176471,"p":0.1918556314},"2 h 20 min":{"Correlation":0.4235294118,"p":0.1021093221},"2 h 30 min":{"Correlation":0.5,"p":0.0485802889},"2 h 40 min":{"Correlation":0.55,"p":0.0272939727},"2 h 50 min":{"Correlation":0.5441176471,"p":0.0293363375},"3 h ":{"Correlation":0.5617647059,"p":0.0235370165},"3 h 10 min":{"Correlation":0.5176470588,"p":0.040001793},"3 h 20 min":{"Correlation":0.5352941176,"p":0.0326158633},"3 h 30 min":{"Correlation":0.5323529412,"p":0.033768623},"3 h 40 min":{"Correlation":0.55,"p":0.0272939727},"3 h 50 min":{"Correlation":0.55,"p":0.0272939727},"4 h ":{"Correlation":0.5411764706,"p":0.0304002189},"4 h 10 min":{"Correlation":0.5705882353,"p":0.0209906964},"4 h 20 min":{"Correlation":0.5588235294,"p":0.0244365114},"4 h 30 min":{"Correlation":0.5764705882,"p":0.0194151404},"4 h 40 min":{"Correlation":0.5852941176,"p":0.0172252866},"4 h 50 min":{"Correlation":0.5617647059,"p":0.0235370165},"5 h ":{"Correlation":0.5558823529,"p":0.0253621763},"5 h 10 min":{"Correlation":0.5647058824,"p":0.0226632048},"5 h 20 min":{"Correlation":0.5764705882,"p":0.0194151404},"5 h 30 min":{"Correlation":0.5470588235,"p":0.0283010872},"5 h 40 min":{"Correlation":0.5735294118,"p":0.020191038},"5 h 50 min":{"Correlation":0.5941176471,"p":0.0152324009},"6 h ":{"Correlation":0.5823529412,"p":0.0179327341},"6 h 10 min":{"Correlation":0.5529411765,"p":0.0263144999},"6 h 20 min":{"Correlation":0.5941176471,"p":0.0152324009},"6 h 30 min":{"Correlation":0.5823529412,"p":0.0179327341},"6 h 40 min":{"Correlation":0.5470588235,"p":0.0283010872},"6 h 50 min":{"Correlation":0.5764705882,"p":0.0194151404},"7 h ":{"Correlation":0.5823529412,"p":0.0179327341},"7 h 10 min":{"Correlation":0.5941176471,"p":0.0152324009},"7 h 20 min":{"Correlation":0.5529411765,"p":0.0263144999},"7 h 30 min":{"Correlation":0.5470588235,"p":0.0283010872},"7 h 40 min":{"Correlation":0.5264705882,"p":0.036166515},"7 h 50 min":{"Correlation":0.4970588235,"p":0.0501335578},"8 h ":{"Correlation":0.4941176471,"p":0.0517234422}}