{"0 h ":{"Correlation":-0.85,"p":0.0000305226},"0 h 10 min":{"Correlation":-0.8882352941,"p":0.0000043263},"0 h 20 min":{"Correlation":-0.7411764706,"p":0.0010184695},"0 h 30 min":{"Correlation":-0.8235294118,"p":0.0000883914},"0 h 40 min":{"Correlation":-0.6882352941,"p":0.0032039086},"0 h 50 min":{"Correlation":-0.7176470588,"p":0.0017475351},"1 h ":{"Correlation":-0.8529411765,"p":0.0000267907},"1 h 10 min":{"Correlation":-0.6460634567,"p":0.006855472},"1 h 20 min":{"Correlation":-0.7852941176,"p":0.0003128539},"1 h 30 min":{"Correlation":-0.4882352941,"p":0.0550150298},"1 h 40 min":{"Correlation":-0.5588235294,"p":0.0244365114},"1 h 50 min":{"Correlation":-0.5176470588,"p":0.040001793},"2 h ":{"Correlation":-0.45,"p":0.0802957365},"2 h 10 min":{"Correlation":-0.1147058824,"p":0.6722910466},"2 h 20 min":{"Correlation":-0.1588235294,"p":0.5568612811},"2 h 30 min":{"Correlation":0.0147058824,"p":0.956891924},"2 h 40 min":{"Correlation":0.0764705882,"p":0.778340981},"2 h 50 min":{"Correlation":0.0294117647,"p":0.9138955873},"3 h ":{"Correlation":0.1176470588,"p":0.6643410792},"3 h 10 min":{"Correlation":0.1235294118,"p":0.648542067},"3 h 20 min":{"Correlation":0.1735294118,"p":0.5204075144},"3 h 30 min":{"Correlation":0.1735294118,"p":0.5204075144},"3 h 40 min":{"Correlation":0.2117647059,"p":0.4310832472},"3 h 50 min":{"Correlation":0.2176470588,"p":0.4180868416},"4 h ":{"Correlation":0.2058823529,"p":0.4442846411},"4 h 10 min":{"Correlation":0.2058823529,"p":0.4442846411},"4 h 20 min":{"Correlation":0.2,"p":0.4576879051},"4 h 30 min":{"Correlation":0.2,"p":0.4576879051},"4 h 40 min":{"Correlation":0.2,"p":0.4576879051},"4 h 50 min":{"Correlation":0.1911764706,"p":0.4781640128},"5 h ":{"Correlation":0.1970588235,"p":0.4644642112},"5 h 10 min":{"Correlation":0.2117647059,"p":0.4310832472},"5 h 20 min":{"Correlation":0.1941176471,"p":0.4712897284},"5 h 30 min":{"Correlation":0.2,"p":0.4576879051},"5 h 40 min":{"Correlation":0.2117647059,"p":0.4310832472},"5 h 50 min":{"Correlation":0.1970588235,"p":0.4644642112},"6 h ":{"Correlation":0.2117647059,"p":0.4310832472},"6 h 10 min":{"Correlation":0.1970588235,"p":0.4644642112},"6 h 20 min":{"Correlation":0.2117647059,"p":0.4310832472},"6 h 30 min":{"Correlation":0.1970588235,"p":0.4644642112},"6 h 40 min":{"Correlation":0.1970588235,"p":0.4644642112},"6 h 50 min":{"Correlation":0.1970588235,"p":0.4644642112},"7 h ":{"Correlation":0.1941176471,"p":0.4712897284},"7 h 10 min":{"Correlation":0.2,"p":0.4576879051},"7 h 20 min":{"Correlation":0.1823529412,"p":0.4990748572},"7 h 30 min":{"Correlation":0.1764705882,"p":0.5132505967},"7 h 40 min":{"Correlation":0.1764705882,"p":0.5132505967},"7 h 50 min":{"Correlation":0.1617647059,"p":0.5494831434},"8 h ":{"Correlation":0.1823529412,"p":0.4990748572}}