{"0 h ":{"corr_data":[[1.0,-0.2180519191,-0.1126005812],[-0.2180519191,1.0,0.6285714286],[-0.1126005812,0.6285714286,1.0]]},"0 h 10 min":{"corr_data":[[1.0,-0.2591600677,-0.0589812568],[-0.2591600677,1.0,0.7785714286],[-0.0589812568,0.7785714286,1.0]]},"0 h 20 min":{"corr_data":[[1.0,-0.0571428571,-0.2607142857],[-0.0571428571,1.0,0.6892857143],[-0.2607142857,0.6892857143,1.0]]},"0 h 30 min":{"corr_data":[[1.0,-0.0178571429,-0.1821428571],[-0.0178571429,1.0,-0.0642857143],[-0.1821428571,-0.0642857143,1.0]]},"0 h 40 min":{"corr_data":[[1.0,0.0321428571,0.1392857143],[0.0321428571,1.0,0.2107142857],[0.1392857143,0.2107142857,1.0]]},"0 h 50 min":{"corr_data":[[1.0,-0.3714285714,-0.2785714286],[-0.3714285714,1.0,0.4321428571],[-0.2785714286,0.4321428571,1.0]]},"1 h ":{"corr_data":[[1.0,-0.0571428571,-0.0571428571],[-0.0571428571,1.0,0.6428571429],[-0.0571428571,0.6428571429,1.0]]},"1 h 10 min":{"corr_data":[[1.0,-0.575,-0.2931189732],[-0.575,1.0,0.3056301489],[-0.2931189732,0.3056301489,1.0]]},"1 h 20 min":{"corr_data":[[1.0,0.3285714286,-0.2071428571],[0.3285714286,1.0,0.0035714286],[-0.2071428571,0.0035714286,1.0]]},"1 h 30 min":{"corr_data":[[1.0,0.0214477297,-0.0822162974],[0.0214477297,1.0,0.2428571429],[-0.0822162974,0.2428571429,1.0]]},"1 h 40 min":{"corr_data":[[1.0,-0.1964285714,-0.0821428571],[-0.1964285714,1.0,0.1357142857],[-0.0821428571,0.1357142857,1.0]]},"1 h 50 min":{"corr_data":[[1.0,0.4361038381,0.2788204867],[0.4361038381,1.0,0.1107142857],[0.2788204867,0.1107142857,1.0]]},"2 h ":{"corr_data":[[1.0,0.4071428571,0.4428571429],[0.4071428571,1.0,0.1071428571],[0.4428571429,0.1071428571,1.0]]},"2 h 10 min":{"corr_data":[[1.0,0.2321428571,0.525],[0.2321428571,1.0,-0.0321428571],[0.525,-0.0321428571,1.0]]},"2 h 20 min":{"corr_data":[[1.0,0.6392857143,0.5642857143],[0.6392857143,1.0,0.375],[0.5642857143,0.375,1.0]]},"2 h 30 min":{"corr_data":[[1.0,0.5642857143,0.7285714286],[0.5642857143,1.0,0.2357142857],[0.7285714286,0.2357142857,1.0]]},"2 h 40 min":{"corr_data":[[1.0,0.5236820679,0.8096517978],[0.5236820679,1.0,0.2464285714],[0.8096517978,0.2464285714,1.0]]},"2 h 50 min":{"corr_data":[[1.0,0.6416445815,0.7399466762],[0.6416445815,1.0,0.2464285714],[0.7399466762,0.2464285714,1.0]]},"3 h ":{"corr_data":[[1.0,0.6285714286,0.8535714286],[0.6285714286,1.0,0.2964285714],[0.8535714286,0.2964285714,1.0]]},"3 h 10 min":{"corr_data":[[1.0,0.7142857143,0.825],[0.7142857143,1.0,0.4142857143],[0.825,0.4142857143,1.0]]},"3 h 20 min":{"corr_data":[[1.0,0.6642857143,0.8142857143],[0.6642857143,1.0,0.3821428571],[0.8142857143,0.3821428571,1.0]]},"3 h 30 min":{"corr_data":[[1.0,0.5178571429,0.9035714286],[0.5178571429,1.0,0.3214285714],[0.9035714286,0.3214285714,1.0]]},"3 h 40 min":{"corr_data":[[1.0,0.575,0.8928571429],[0.575,1.0,0.3642857143],[0.8928571429,0.3642857143,1.0]]},"3 h 50 min":{"corr_data":[[1.0,0.6464285714,0.875],[0.6464285714,1.0,0.3964285714],[0.875,0.3964285714,1.0]]},"4 h ":{"corr_data":[[1.0,0.5642857143,0.8928571429],[0.5642857143,1.0,0.3428571429],[0.8928571429,0.3428571429,1.0]]},"4 h 10 min":{"corr_data":[[1.0,0.5678571429,0.9321428571],[0.5678571429,1.0,0.3714285714],[0.9321428571,0.3714285714,1.0]]},"4 h 20 min":{"corr_data":[[1.0,0.5821428571,0.9071428571],[0.5821428571,1.0,0.375],[0.9071428571,0.375,1.0]]},"4 h 30 min":{"corr_data":[[1.0,0.5571428571,0.9214285714],[0.5571428571,1.0,0.3678571429],[0.9214285714,0.3678571429,1.0]]},"4 h 40 min":{"corr_data":[[1.0,0.5678571429,0.9071428571],[0.5678571429,1.0,0.3535714286],[0.9071428571,0.3535714286,1.0]]},"4 h 50 min":{"corr_data":[[1.0,0.5857142857,0.9214285714],[0.5857142857,1.0,0.4107142857],[0.9214285714,0.4107142857,1.0]]},"5 h ":{"corr_data":[[1.0,0.5607142857,0.9071428571],[0.5607142857,1.0,0.4178571429],[0.9071428571,0.4178571429,1.0]]},"5 h 10 min":{"corr_data":[[1.0,0.5107142857,0.9071428571],[0.5107142857,1.0,0.4214285714],[0.9071428571,0.4214285714,1.0]]},"5 h 20 min":{"corr_data":[[1.0,0.5035714286,0.9107142857],[0.5035714286,1.0,0.4071428571],[0.9107142857,0.4071428571,1.0]]},"5 h 30 min":{"corr_data":[[1.0,0.5428571429,0.9142857143],[0.5428571429,1.0,0.425],[0.9142857143,0.425,1.0]]},"5 h 40 min":{"corr_data":[[1.0,0.4571428571,0.9107142857],[0.4571428571,1.0,0.3892857143],[0.9107142857,0.3892857143,1.0]]},"5 h 50 min":{"corr_data":[[1.0,0.4392857143,0.9392857143],[0.4392857143,1.0,0.4071428571],[0.9392857143,0.4071428571,1.0]]},"6 h ":{"corr_data":[[1.0,0.4857142857,0.9357142857],[0.4857142857,1.0,0.4178571429],[0.9357142857,0.4178571429,1.0]]},"6 h 10 min":{"corr_data":[[1.0,0.5178571429,0.9178571429],[0.5178571429,1.0,0.45],[0.9178571429,0.45,1.0]]},"6 h 20 min":{"corr_data":[[1.0,0.4464285714,0.9214285714],[0.4464285714,1.0,0.4071428571],[0.9214285714,0.4071428571,1.0]]},"6 h 30 min":{"corr_data":[[1.0,0.3964285714,0.8892857143],[0.3964285714,1.0,0.4178571429],[0.8892857143,0.4178571429,1.0]]},"6 h 40 min":{"corr_data":[[1.0,0.4178571429,0.9],[0.4178571429,1.0,0.4607142857],[0.9,0.4607142857,1.0]]},"6 h 50 min":{"corr_data":[[1.0,0.4035714286,0.8892857143],[0.4035714286,1.0,0.4321428571],[0.8892857143,0.4321428571,1.0]]},"7 h ":{"corr_data":[[1.0,0.3892857143,0.9],[0.3892857143,1.0,0.4178571429],[0.9,0.4178571429,1.0]]},"7 h 10 min":{"corr_data":[[1.0,0.3892857143,0.9035714286],[0.3892857143,1.0,0.425],[0.9035714286,0.425,1.0]]},"7 h 20 min":{"corr_data":[[1.0,0.4107142857,0.9178571429],[0.4107142857,1.0,0.4535714286],[0.9178571429,0.4535714286,1.0]]},"7 h 30 min":{"corr_data":[[1.0,0.4178571429,0.9035714286],[0.4178571429,1.0,0.45],[0.9035714286,0.45,1.0]]},"7 h 40 min":{"corr_data":[[1.0,0.4428571429,0.9035714286],[0.4428571429,1.0,0.4571428571],[0.9035714286,0.4571428571,1.0]]},"7 h 50 min":{"corr_data":[[1.0,0.4535714286,0.9142857143],[0.4535714286,1.0,0.4821428571],[0.9142857143,0.4821428571,1.0]]},"8 h ":{"corr_data":[[1.0,0.4428571429,0.9178571429],[0.4428571429,1.0,0.4892857143],[0.9178571429,0.4892857143,1.0]]}}